Date,Momentum_1,Momentum_2,Momentum_3,Turnover,Volitility_1,Volitility_2,Volitility_3,Financial Quality,EP,BP
2021-01-04,0.6795737192986997,0.6319668991571182,0.0010468822144212373,0.006648883626278178,0.11683437436851973,0.0070467577137705555,0.03912186626385998,0.5292348426844341,0.372009870220011,0.012661216228156599
2021-01-05,1.923715324996215e-05,0.5151057354064523,0.4675166643883365,0.002937570248089237,0.7869783302797879,0.015655509938423864,0.0003141197466985051,0.6302468023825503,0.5744626918097452,0.16161990782325295
2021-01-06,0.9718836543272139,0.000348446225316486,0.23350400650802283,0.31874878861725814,0.4373659619651393,0.00032981822045984125,0.10010081627749474,0.21351960671221448,0.048136384161996865,0.3869739228332508
2021-01-07,0.007143513220208454,0.9634517711873802,0.06575737698769615,0.021167078624407823,0.2805676006207529,0.026983107810417396,0.009268585909041642,0.3816201233836374,0.675264777569517,0.05763653110515058
2021-01-08,0.0014011113830660444,0.5988700912555112,0.36759590359014704,0.21867776912282647,0.3550894440359873,0.11807395579507553,0.4302890637847453,0.692236042815512,0.19201840830723682,0.6583005914702513
2021-01-11,3.543974725039981e-06,0.8239751935739926,0.8318055584120295,0.40744454992212575,0.47030861398666224,0.925441615158405,0.306510813110702,0.23984987963575935,0.7485391350344146,0.5971637010907751
2021-01-12,0.10597876684650312,0.0008398472450040444,0.7056303103975914,0.4888805391705551,0.9277440936147402,0.009732242740345187,0.0009605378251282385,0.6491046209851732,0.7131341542596157,0.38753800391409554
2021-01-13,0.00027463782950493647,0.4122198174349755,0.8734107040871946,0.5292225404996994,0.6838716651917074,0.015151521595554066,0.0023212709364582793,0.7640663404468218,0.22796149303835467,0.5395163195454146
2021-01-14,1.2248690456715621e-07,0.3177797979192226,0.09178274830204862,0.5809594768963138,0.8859916523482338,0.039462234742546246,0.0007179399745138711,0.8510273403359119,0.41314548363519654,0.8925327136008103
2021-01-15,0.019706032268897482,0.31949914941921675,0.829248392271974,0.7716545683207123,0.8141575214363136,0.14434507101337593,0.7165423854956745,0.5508395606992353,0.19550753907078816,0.6190537352939947
2021-01-19,0.006509518350439521,0.4275661404743778,0.31704202330182557,0.5012909531152057,0.9248691563741359,0.04292279289912961,0.001308500754606531,0.6656397192108827,0.7887348365867646,0.03230778309107166
2021-01-20,2.3041023315844195e-05,0.22754137431470817,0.48409268385757387,0.8006689512712657,0.007695974104940044,0.01495924024379729,5.597263895141905e-05,0.010080306051927754,0.04469107706831301,0.43079176851755807
2021-01-21,0.00021952659714396524,0.23011373671593027,0.1836977483956427,0.27304831898050685,0.04620926494571394,0.9051629989847836,0.32222506187177646,0.6442753065735027,0.4930922175800505,0.8243708788473316
2021-01-22,0.16997229413549192,0.006497452761626489,0.29219313638796846,0.9790507594709486,0.14036968488811855,0.12074815918904452,0.004118845717704731,0.38765758422141294,0.8196202010931262,0.12191206217536485
2021-01-25,0.002391600060277396,0.44557888358926356,0.8077566426817069,4.994819887639226e-05,0.4828972616565359,0.02773122433008422,0.10972607854517297,0.09534340445164854,0.6298405929362834,0.11559279574940338
2021-01-26,0.004861301386513279,0.20504416291829863,0.3108826569384376,0.34090873565570945,0.4543482111982303,0.013227952858188027,0.01192764842254423,0.32346028271616367,0.7579604697649545,0.9384309836763398
2021-01-27,0.005612080720451254,0.4331400433124091,0.03895877074774404,0.27522858635322217,0.2777245148295002,0.1561042672212112,0.8594161766439381,0.03835755446676491,0.04201182136459743,0.02109290796555656
2021-01-28,0.7169333339696804,0.6149718774292663,0.031683485102534596,0.6946352113012207,0.07730936222213136,0.30472309422161037,0.030823165301465425,0.6233328583600024,0.5542694678578861,0.21729609302104747
2021-01-29,4.8262871876051e-06,0.1926026930581244,0.28339648480283225,0.6246471909414719,0.5422356196125129,0.05330116231556763,0.026262426346313747,0.8075781093813525,0.6493697232296656,0.5824994700520815
2021-02-01,0.643087866354839,0.002034969645658537,0.6359960801904003,0.028261059606891854,0.35009807445478447,0.18031651441219118,0.002175541556760284,0.5971265974304234,0.9923940274580136,0.3467052558357727
2021-02-02,0.18940136013695003,0.6739634267440314,0.36614129983326904,0.7144294404615188,0.19065463111912606,0.6119576348740952,0.047238082110042635,0.1449293482642106,0.6734098373024557,0.443915928860641
2021-02-03,0.011995062753477073,0.8376686625505873,0.32775844557694667,0.00077554197759958,0.4150289717814747,0.09579248783292045,0.10678264907149394,0.5920605111949773,0.49103991570583494,0.005779248480883091
2021-02-04,0.04531377018607051,0.91728688105263,0.3432858863334681,0.05102270485014098,0.8884561450346541,0.09418700264201298,0.33081646262492825,0.4074474862421933,0.8372434215962883,0.7241359440237927
2021-02-05,0.0007095328019429476,0.27262050480370825,0.25653860595181205,0.4050548531025271,0.2530156492300628,0.782188839013823,0.8825734345141395,0.3310785219606285,0.8985192882102305,0.4485484459723639
2021-02-08,0.03917329005355986,0.48112724757256375,0.2684689558397779,0.20078368052220702,0.7670058065322983,0.05821616024283004,0.001322167010330301,0.052241462036381726,0.3747180953621172,0.3777414721073844
2021-02-09,0.04401279149660424,0.08466867255251997,0.9721746573943306,0.9167476784728559,0.7862813782153621,0.18920303102876773,0.023501445922925614,0.7058039859476476,0.5390284355510171,0.33878344814311245
2021-02-10,0.1295091803943067,0.19585812431893834,0.514586038635239,0.4624654855985809,0.5054590740788529,0.1590334244028743,0.7927704922739385,0.13943637831465028,0.006419658291102182,1.182620775752043e-05
2021-02-11,0.551775961545804,0.385149906460992,0.0028779243000846702,0.34738773274173007,0.4066774627082276,0.0073680382405640595,0.5576797781232075,0.575464016172049,0.3983673418267418,0.08863484587965832
2021-02-12,0.09524756452862639,0.06075559058590167,0.5737311638874147,0.1692384139232707,0.3942830584306739,0.18666255825476136,0.10879818349081362,0.16151566987037014,0.6752518347610008,0.03811938503718049
2021-02-16,1.3820673627997634e-05,0.8650559344355105,0.7241378480004246,0.8165072323533603,0.10815161752697999,0.11047153550414757,0.00013766008299028373,0.1998561406876454,0.5937454590687784,0.006571642396209899
2021-02-17,0.030647427067667585,0.16503232005664206,0.3644622490392099,0.7978434315691698,0.36272324240914333,0.916776494204798,0.9785101997516384,0.4024745653517481,0.6305634460192693,0.6109186186351049
2021-02-18,0.2843993410304105,0.8603690382263122,0.04442877682970009,0.2756770481321024,0.3843499187233854,0.04546904177505184,0.13440797426741688,0.9262804484721778,0.6559101995540848,0.2883428845594273
2021-02-19,0.01628805130878873,0.5463029700568812,0.4958974433935004,0.9601509837859461,0.3392041555541082,0.19149472669200107,0.010578420298353564,0.10950807145381049,0.03363127716146175,0.009995741703220434
2021-02-22,0.02906980640119078,0.37940624214488883,0.056040668897031465,8.323822085515623e-05,0.46582579373188293,0.00508554771927287,0.5004368759513906,0.7861650916562508,0.1770420709954286,0.00013292165327372836
2021-02-23,0.19469905784992697,0.41684211684198935,0.19700857154283855,7.247846807400479e-05,0.833158997169806,0.8212067013952893,0.0024459022189899215,0.43088562360829097,0.7884207408795287,0.8964674168121851
2021-02-24,0.007637240591931486,0.10242234533459375,0.27549287603397415,0.0392826192073728,0.5928988384535442,0.001723502300998048,0.00015350575406848364,0.3790911897721063,0.03856028983825435,0.031999498480593684
2021-02-25,0.32740125401019715,0.5411836917709879,0.3952090161741034,0.08615936548016953,0.4376828741299019,0.3223444321963428,0.0005415905118404988,0.13990315349783247,0.5294485294755927,0.9323190380553981
2021-02-26,0.13796214097390877,0.7422941423757059,0.00014973904503444384,0.2521958246262919,0.18474918726462075,0.24631583989219943,0.32818811194647146,0.6730010575448091,0.48030121077007426,0.00023694430034308002
2021-03-01,0.021875796823811196,0.8801594747221255,0.026617878557343103,0.8482339725985175,0.20091904126690585,0.24051431173928084,3.793537797187622e-05,0.18005512668628834,0.44390041908737066,0.5565619854773802
2021-03-02,1.4652961283616902e-06,0.026850741129165377,0.7988286732688396,0.13018676991748046,0.4982032679262386,0.12255242973748978,0.2798353375898619,0.6727407263979456,0.5213243283488012,0.058081007204768303
2021-03-03,1.3824271223647377e-09,0.13670254898907722,0.5882372953925745,0.11162791346018137,0.672426310651711,0.25670908096392187,0.07957595761642314,0.8625238263164335,0.7774297455617186,0.015938811812765505
2021-03-04,0.0039395383952456845,0.9527179144189613,0.4590240343589821,0.8503278163807535,0.9736519396832897,0.9305962492589825,0.006583294002676901,0.27071857004350663,0.32594044635561814,0.9185043772179858
2021-03-05,0.49762502735394887,0.014661314799373769,0.05371486473939597,0.002117135927536227,0.9936866183795413,0.014745046820665285,0.013071175212470526,0.911879867667497,0.8762171354911177,0.6660750652985519
2021-03-08,0.00014116481383753964,0.0022500408128066627,0.6464760888394097,0.13391138522926513,0.4482368011585559,0.6503232071014591,0.03817865755008484,0.9401807047765454,0.70702126458589,0.011484846333528899
2021-03-09,0.007511577857267773,0.6024319413710688,0.005613959166411206,0.018067095361146614,0.053611005253553265,0.0007411309602352415,1.0904038569843918e-07,0.9141975944105095,0.2376677585398212,0.0015279875963236118
2021-03-10,0.0008961688643634228,0.9787993977298146,0.02713073196032011,0.5329122569804998,0.3228981231935032,0.018405162161740762,0.030760019342741935,0.9263136725080263,0.23575146576179953,0.4744470636922672
2021-03-11,0.18111404520092989,0.1821884140003566,0.2105738628257572,0.16949984348378175,0.001368856134607559,0.0011255356245821108,0.0007850816137037165,0.9866442108888746,0.48636102346965593,0.01776890260056325
2021-03-12,5.846166332622866e-07,0.050675392714649506,0.44415247489662624,0.013163504893965646,0.2128646467771724,0.16580284297936837,0.595727848118315,0.5977969908062437,0.16004845638990764,0.06981015660360275
2021-03-15,0.08622559711725883,0.5965344508761176,0.4622127244603137,0.0011955371539239363,0.5383363640716154,0.03651759875102542,0.20768021925935884,0.2881251025551007,0.902299844110229,0.05155909154620239
2021-03-16,0.6398151758978735,0.6082112917699057,0.5178088880792302,0.8877837929490866,0.4437268763306258,0.21060814033415806,0.671255219913647,0.8191487734376903,0.8137455606534906,0.45609633084795365
2021-03-17,0.7042792767817334,0.024440618427359555,0.9888988527643101,0.09747078906015888,0.26600766558280947,0.03769881714066194,0.0814930365047282,0.3581410187465358,0.4627340137770234,0.5970260070378337
2021-03-18,0.11444400363807063,0.09846363152943284,0.7543710079486414,0.16182993348987995,0.9901922279393058,0.6608315558494242,0.03191636050411005,0.39935715343130807,0.5920123330883373,0.00836146491327576
2021-03-19,0.0008573988088819181,0.3874519928550487,0.12565234297487213,0.35974053755008983,0.5432318868946396,0.15280555880364757,0.0824468914686929,0.021272387763232415,0.11168415546306926,0.008763350570078723
2021-03-22,0.01298906456935618,0.002943104545032003,0.16948570446155664,0.052593925273919956,0.20553536916753334,0.05068550262568209,0.011991383666876446,0.18948067346441008,0.8496434091866121,2.43915991094564e-05
2021-03-23,0.25283369386392057,0.9093245899972029,0.3741220602970924,0.77012318846534,0.6368297955126563,0.39682994067518074,0.023889454148876412,0.5234354968693635,0.4465058828332257,0.5078902103659912
2021-03-24,7.724412948450734e-07,0.9077679523026652,0.9563376550349427,0.000575920169182933,0.004057326788309415,0.012500396449736129,0.04214766915947721,0.2996782657227625,0.18340840957871232,0.5884622306776254
2021-03-25,0.0010907346940631515,0.21109512347448525,0.5304921332453545,0.05659016195676342,0.764895449358878,0.8822758900188925,0.7552274497732626,0.08113746646340358,0.41666612017849325,0.8093551985529949
2021-03-26,2.238994490098669e-08,0.2525489455280049,0.952708108338141,0.21767981569706188,0.24633129500798223,0.4539072358644204,0.2513786451781922,0.00041275518428580276,0.004073378808389844,0.7196650556877066
2021-03-29,0.01127538491096915,0.33076169742111594,0.12004254741421905,0.2319801448671037,0.9672721342318306,0.36989987282715076,0.8290168787929048,0.5399458671593454,0.3144026170094001,0.7735093807295979
2021-03-30,0.8941119727270712,0.23398826311293894,0.05699906046850937,0.24388150125542976,0.37033076943304044,0.36545902923104523,0.010240714738644949,0.20460303774419306,0.17695512471172595,0.5705268153737799
2021-03-31,0.04391403660157669,0.05538964067573149,0.8947563241210293,0.7784464214053693,0.8550535187621593,0.004847876573208425,1.3933462613516845e-07,0.8050268939523503,0.9794246189332259,0.00899125695879267
2021-04-01,0.022950398313855234,0.6313783019128245,0.7601844814060976,0.015639873591514968,0.7414815167794347,0.20648312093178045,0.5106316124889019,0.2074659482036307,0.33199693583556766,0.9101311148405935
2021-04-05,1.0442373014859707e-09,0.010888929039711177,0.02889848660602578,0.0001126978533627782,0.6779407050221791,0.6841127408667036,0.1059885158209217,0.9789650154715173,0.9170192857005005,0.016927543601679126
2021-04-06,0.000280115180503456,0.9105976998560885,0.4411259673276374,0.24596647730497007,0.8856606915084888,0.9128457782319206,0.6250648765905147,0.676869274392073,0.7790265672111953,0.4441094104759271
2021-04-07,0.05384530551357494,0.0008222302499563893,0.27267030036631085,0.33779082029873486,0.7321216106937432,0.7082262370897026,0.05654710190072434,0.8550168042661661,0.2399562686555583,0.9448344295415043
2021-04-08,0.0002318234067331828,0.15270551529791876,0.05936262884541642,0.9305240500418834,0.8592372433650364,0.7944787496728745,0.4038835062072226,0.4566883292426922,0.3322181674712362,0.01622629897326556
2021-04-09,0.0005272551766009888,0.26971516117463246,0.2907157130472032,0.6529312525649804,0.24865413142879614,0.14583678042557474,0.0013107419746587847,0.5499535907694723,0.6191040885695634,0.7205404454522791
2021-04-12,2.007459523177433e-06,0.01823173214294184,0.10777303661188478,0.843262411301682,0.06718954220605593,0.16754821436070572,0.04260060213741038,0.25394456439396446,0.9823058972995615,0.09219060830187052
2021-04-13,1.1353156703460204e-06,1.6948307256647714e-05,0.8261682043932901,0.9814899287421583,0.976444742367498,0.03522008972594942,0.01090092015005618,0.026407839953731017,0.019495022566418305,0.18213531295216592
2021-04-14,0.09417294367221508,6.780389258152483e-07,0.02911864867603387,0.4016592708829355,0.3196173937298809,0.5125566666432011,0.018773573400172747,0.11171468850910403,0.42201498708572904,0.7417495633718763
2021-04-15,1.193086457378112e-13,0.17352668341727226,0.2792924438368472,0.0011393858412180788,0.8934451343706391,0.6827637571895486,0.08985321298900294,0.047374716722087346,0.6252521425911493,7.3268948940958354e-06
2021-04-16,0.44556698701876796,0.43109590796884256,0.002503074243172667,0.1259871384813622,0.01777328249035978,0.11097508823225649,0.014752949197999328,0.2256401917274201,0.29039871658215893,0.040025737809983544
2021-04-19,0.014469562883130583,0.3792183484611321,0.39012380043862194,0.6267075469584024,0.16780133445452555,0.5393659125560086,0.7584498645950033,0.7532211075241927,0.16112088258531387,0.03322866142043159
2021-04-20,0.0001735300450764131,0.8655426508047486,0.0025115986422906684,0.057659955531778315,0.8295294902454947,0.9255909605621874,0.4163577734759979,0.3104741756206381,0.6667135002134379,0.8794776939780731
2021-04-21,0.8914229337214858,0.7171325990525272,0.06275652361835267,0.048263555453517515,0.9334064475523187,0.05424881137438038,5.7277361978875016e-05,0.2941071479142507,0.8826003364825088,0.5584738213693234
2021-04-22,0.06877365936478265,0.1802266154495689,0.048143714405965196,0.5106889553961733,0.10848905411361057,0.4764954138854782,0.40030756682309065,0.07146275698012118,0.8352907795629709,0.3841460686127649
2021-04-23,0.0003022189329826025,0.22374102917757022,0.10610297455423259,0.19498503374256373,0.07024170984652132,0.6339664901543034,0.029239905665614296,0.14005124510838002,0.5687624618493328,0.03184310594057769
2021-04-26,0.00535110396313517,0.3188632233810344,0.4863995310588841,0.18376978909612013,0.543449540422011,0.6849886951421583,0.013136053091572487,0.012088866865587635,0.6008466772210306,0.4956856502300748
2021-04-27,0.14797030707438927,0.32760482598925045,0.391764090942885,0.40887632657999395,0.9689922523079346,0.47338667427175407,0.08547807696214801,0.7645944008920664,0.9808562828593321,0.2920265564900833
2021-04-28,9.074575717706882e-06,0.42294647487330805,0.18177562264056446,0.4429220608259816,0.04803060041218225,0.27704145165688987,0.3922887672359121,0.12909718793621228,0.25148348282106686,0.005912216363521394
2021-04-29,0.0015815131806539721,0.5165882857846489,0.0018198390258691022,0.1468915600176703,0.6541708364330844,0.8847000523781501,0.06656726090623946,0.48596960350456997,0.03944899707438907,0.19709113521314156
2021-04-30,6.692439754609468e-06,0.5116967366428862,0.670998640657223,0.024712433948398328,0.1214505954675502,0.03819089722636038,0.01716625496428032,0.05596701501627368,0.34691842624134805,0.27115743865665687
2021-05-03,0.14918765569580963,0.03144634607831005,1.8503531385552372e-06,0.1313869015718248,0.6619630604106619,0.17583202822489735,0.19906662370448053,0.4784042768746797,0.9959153599781924,0.0005637450267610348
2021-05-04,0.0033202966923399466,0.5966388368474475,0.04066988591848177,0.006429499614406261,0.237353187180457,0.33619048219140113,0.9933723493066744,0.8593899625898302,0.4747430644290782,0.024336812584843978
2021-05-05,0.000558990848678051,0.4427483089225307,0.09872200665341782,0.7409860360494407,0.038941736509715115,0.3594012716667305,0.8467568307174469,0.10509799170215635,0.27073780993407665,0.014637476136728018
2021-05-06,9.21474296272024e-07,0.8845848357467759,0.4752122830231388,0.8881234975338747,0.22858816770577456,0.5408601622529852,0.1522036499126235,0.25157718452951827,0.43512918465378503,0.4419188991266547
2021-05-07,0.002058641828144792,0.8249986743603305,0.2811139990726703,0.05369746258951331,0.023806630430259455,0.5054998318057711,0.02704297408310279,0.23438131220428576,0.7326421218478063,0.4969353167565207
2021-05-10,1.2699211507331716e-10,0.8550715476751828,0.5624841062646344,0.7688482560602976,0.9872734401522418,0.36491061708493444,0.18054481964330812,0.5237983343544124,0.8401947636675985,0.008369052486831575
2021-05-11,0.014313278187248557,0.29870538096462396,0.00034527599295409794,0.1067938788894027,0.7772844363194577,0.8935149457004145,0.014246684133486877,0.001061947785088725,0.012226826514604003,0.010240029979583324
2021-05-12,1.6022793233482456e-05,0.8530585439722209,0.003303671509119902,0.08104413121141174,0.01437572857107994,0.1524843557228228,0.4182623890560824,0.41170436867341187,0.5037606958113428,0.8989256966075465
2021-05-13,0.0036544285764156326,0.0532180098041017,9.791352637767082e-07,0.7466528652496239,0.08754977910255066,0.2128976184954384,0.5114330110755523,0.13987038536474772,0.27450899594037925,0.03751928235693199
2021-05-14,0.17339655754420366,0.032233297967301455,0.13523259909974386,0.07018497502294214,0.705762008518888,0.1259881781121642,1.6798736475763723e-05,0.6656708533325075,0.6757152536085425,0.6977455350198072
2021-05-17,1.0938512148999177e-10,0.23967357260051256,0.004747727714347189,0.6952042199822237,0.5956359651650811,0.8829448271477229,0.12424780854078947,0.999275897421857,0.7507349144062452,0.008252005895948178
2021-05-18,0.27806771285162746,0.5947003412706733,0.00013389079239154163,0.2814411536674211,0.9064206587006111,0.08094366885195407,0.6937306674620869,0.0235042913610545,0.6826599298374477,0.6582694726775373
2021-05-19,0.08377954102634835,0.022544474417068312,0.10089179123816236,0.3767265135053868,0.011016729716031768,0.2604247995122865,0.7911946709935648,0.4517662535030018,0.11785734411250046,0.05145774455773847
2021-05-20,0.00220021544490158,0.004025146684245963,1.1290119878329657e-05,0.33481894509528576,0.9093045282427263,0.9138864751816235,0.2947629409424204,0.7630035028843967,0.9192200274830189,0.04430559840055933
2021-05-21,0.0033529997721112835,0.04318923385859195,2.223647150877498e-05,0.5345930340423662,0.25277071827741543,0.19476555068899876,0.63141954091732,0.017187739987962816,0.954042756040373,0.5180163095212795
2021-05-24,0.9206620155457308,0.00010014525578959107,0.06118541836428974,0.701800990497772,0.11047429538262446,0.4170690122198518,0.8542001054590993,0.11734529070565368,0.7079337330604406,0.029906676678458567
2021-05-25,0.5624008681957873,0.1830246165622229,0.5440414960078449,0.13360722833039565,0.13693139061840992,0.4150238913563754,0.14897536448753051,0.1578718776415331,0.7667482091888138,0.18435798462955455
2021-05-26,0.01502294004590244,0.36098823646915423,0.40857582254692015,0.011487899034613369,0.684071736386056,0.30763744009229077,0.0018215442817097593,0.9802514038982362,0.873468550712404,0.020896926558390573
2021-05-27,0.040242067335827116,0.38200354636854894,0.7103875869444853,0.5436976014547766,0.04127510295019342,0.06277717715941537,0.029397372835092698,0.8022024776541044,0.6581781335666961,0.4235310753879421
2021-05-28,0.00011220915815067911,0.19557496771977365,0.6817349359439264,0.5512626182557536,0.9611643976560094,0.5364830562975076,0.3824900424722235,0.45081096358455275,0.646247904827317,0.0028161735528750105
2021-06-01,6.923907330675513e-08,0.2523183369158599,0.08778289849051414,0.8163161754025374,0.11286003149934673,0.954151883711621,0.0008024967134844728,0.4136243959804178,0.6637690865962655,0.006756332186319744
2021-06-02,1.3088723403890479e-08,0.10348751146377413,0.23560080068045056,0.0033512976363541617,0.3715485933664844,0.4442622785747733,0.010583804604131542,0.24202641660285373,0.07029125565823777,0.03299316286362195
2021-06-03,0.0025979155642864927,0.002753831471678562,0.06986714896346158,0.3288447051699771,0.695076251938958,0.37047443407429714,0.6420842159995531,0.9840409587342369,0.1064880063993203,0.008272318536668136
2021-06-04,0.0011418514803298047,0.6310619454867805,0.09566686317767965,0.043951377829766075,0.2462276375061399,0.23350879515579168,0.004995316728963817,0.7656548745878136,0.639066342405824,0.00417177628503625
2021-06-07,1.1242830002771482e-05,0.6841263889017839,0.36003162062892147,0.9610097775028252,0.029138985439494468,0.48622594691424503,0.005597422692617119,0.04088324775420054,0.27091972335052383,0.01740498456271074
2021-06-08,0.12042623601956584,0.07658785441253078,0.3860063839882132,0.019896910192218634,0.7113384768023379,0.6580070718712825,0.7748954227055375,0.35920887673224144,0.6099169867771875,0.9000936585726288
2021-06-09,0.5354385747501728,0.7854392533801139,0.03740345545078665,0.4166141457818606,0.28573406960366526,0.06505648263811856,0.3778571341531224,0.4063501791891234,0.2058295953437326,0.2982173206248128
2021-06-10,1.4518722978090855e-06,0.02309955819907472,0.0026907340823175353,0.11948099855888208,0.08661160250798651,0.8481800822108239,0.5643173332100123,0.7555421297261476,0.4238721683854926,8.951622077669512e-05
2021-06-11,0.00025898847976612183,0.040543879357620806,0.3024277483366891,0.005346998979950427,0.41288226385749205,0.0016929596006079839,0.003301856717672578,0.10154955975382791,0.4947222103111538,0.45618029605352417
2021-06-14,2.7671745310211446e-05,0.26634196128058085,0.02411608835697349,0.3893704094930791,0.24861164744849895,0.950682683616699,0.18758652288985778,0.3704895936249354,0.32031339922479446,0.11363125269940014
2021-06-15,0.8669378184649532,0.9585171570619668,0.012682856898073941,0.07166604152307675,0.9626450409026974,0.5050086013025588,0.11729147513273368,0.940551453805057,0.7341331661519614,0.38862778410106535
2021-06-16,1.7116233703537166e-07,0.16460896505805792,0.060121352525556664,0.18636516157934205,0.006408035065607804,0.9736199714376816,0.956128538107858,0.024188043113544336,0.0222274892059373,0.07183436559986311
2021-06-17,6.323796441370381e-16,0.21232370276991888,0.45067719842020604,0.15514775333068168,0.2386914893587798,0.561127989684849,0.782976891607506,0.16862732092297966,0.023375240367110323,0.6416675821096022
2021-06-18,1.6204268458780994e-11,0.0012725898209790787,0.0024480519686602767,0.05177905907833596,0.06276821252744792,0.9110129295753179,0.14328133799492992,0.01363051577896453,0.22881115761869394,0.36446610220205
2021-06-21,0.027742186450981053,0.5557934024600378,0.005905870374817155,0.5236458112342606,0.8630212596444432,0.12002704247658842,0.7243085059415135,0.9515765706063275,0.09547162175782023,0.08977866685861595
2021-06-22,0.0037955358407915814,0.6039040109610104,0.030664733257495694,4.776199244798499e-05,0.07894623050377027,0.195517325306419,0.1845957146269922,0.061336644330652966,0.585845751846283,0.6938609264096626
2021-06-23,0.0004848078818112381,0.14319181675091947,0.3388617573574785,0.07542241665932026,0.8333458886832451,0.0020887015881031236,1.9324680201671854e-06,0.7225252814027878,0.598461637373907,0.3668254693567007
2021-06-24,0.01270514782345553,0.26929414923015244,0.47949089506539444,0.6757726874111631,0.2981921832537565,0.10518856210100654,0.0013517604105866038,0.6049671752639431,0.4014373626050761,0.9441224448357559
2021-06-25,4.917083343915067e-05,0.36468637105194546,0.6400238610157691,0.12564511295989908,0.09630963731601161,0.01387465713825226,0.11753270962575482,0.6257601676931791,0.2794603556248752,0.6818717155661107
2021-06-28,6.324549496418119e-07,0.5745165409563578,0.6815551341385523,0.2703842050982448,0.5026590687439294,0.7004060465297093,0.7481532482406887,0.4707367826923866,0.0073372641490540656,0.021435318596812372
2021-06-29,6.172310872977778e-06,0.3268567099199714,0.5052247543992474,0.8048391056781458,0.32482643491133556,0.05845947539600962,0.8455556372927364,0.04900848788980648,0.5610212860166672,0.8035454218918289
2021-06-30,0.48517837588037593,0.08403895815976109,0.4073170899551807,0.2278668978540236,0.9534471251536649,0.038742286436397155,0.20883958644813044,0.22920015646627928,0.7303267382938153,0.749460199400424
2021-07-01,0.0714869076424191,0.8162133960978528,0.09561105093359937,0.14454273263225684,0.406722095040976,0.005938467449150543,0.1100279278974105,0.37737895767216945,0.6075194438539259,0.6169870349206539
2021-07-02,3.738399721960046e-05,0.2671659828218509,0.01261698407829507,0.9782403539625748,0.925780809104383,0.08678760339954927,0.5593829470597039,0.580585563289052,0.5432470252005931,0.43673150419332496
2021-07-06,9.177970076311273e-09,0.7848776614521447,0.4902444675900157,0.6911753411348951,0.8186944170935451,0.6457067039693023,0.6830722018429009,0.15986887767915645,0.8252369855435157,0.5038566674564844
2021-07-07,0.00041261430387205475,0.08675660876475318,0.061410995285891556,0.0035116351439088644,0.11123103330854177,0.8628902456121093,0.8537986715446013,0.12746879156553856,0.937186300829552,0.34129080555409197
2021-07-08,0.004502470958830484,0.3740443515181787,0.3985593348939429,0.5520542436272964,0.5782303548804154,0.4514239876081958,0.9182921602312063,0.003531064292573957,0.33776965851489604,0.1256096666291275
2021-07-09,0.03590706539859923,0.6006585363585983,0.2399021861928016,0.8656572734657447,0.17509269867988692,0.2827645601868492,0.00025426165879087004,0.802992919612756,0.06619259388326589,0.12471217009476028
2021-07-12,0.0031556489681288415,0.9836811921675284,0.49813763754403273,0.3287728821088628,0.9697618756548443,0.8206368408470979,0.1516399074277441,0.004940640616588705,0.834807449580695,0.015464141253414273
2021-07-13,6.531913649949305e-08,0.9194216120360609,0.08636732676126879,0.9944953438248507,0.0379725651010616,0.41817554075742824,0.11799557624104051,0.4923453275204248,0.910783352767234,0.21591040949880472
2021-07-14,0.0029312545288105274,0.03525890841368793,0.14350835891624686,0.008583543786555589,0.8134016989309331,0.9618439131200136,0.1874930697537445,0.8591802217047668,0.13084165287859734,0.49112834832495433
2021-07-15,0.00500802480601017,0.8935494466082233,0.09939073318048469,0.11065959794126574,0.9536948569443382,0.21865922297891605,0.2286084493883883,0.3445380669651448,0.0849404399551638,0.0015271720379646493
2021-07-16,8.008923303633042e-07,0.6105950593357955,0.4641074720968531,0.116093443717987,0.23120931627300303,0.4392897946385397,0.019729005148955682,0.10948022999782636,0.5844062722244885,0.044982431754449916
2021-07-19,2.480651453337547e-06,0.3083694501779664,0.8757946142109903,0.8580423897012512,0.010431522045179206,0.33166961862110644,0.5468297641424059,0.10941121434972406,0.3243289699753775,0.01980239371321536
2021-07-20,0.0035954575708579198,0.13537634207534063,0.9930553276692584,0.49274669881983224,0.8354029247811375,0.3762022192879777,0.6698090117845925,0.06949234220992263,0.7264420213478121,0.08981855183500909
2021-07-21,0.660965211929947,0.5650283728606534,0.7274000815231694,0.46035531390103956,0.019648604637266216,0.6230447614367525,0.15524094887607093,0.7151552770194229,0.40546567179780335,0.9914328669072792
2021-07-22,6.174333312598026e-08,0.0948161158826266,0.46821285021868775,0.4399701221712832,0.10849114755970875,0.31461689812036464,0.1009702222523301,0.9530254093071755,0.33980318489290706,0.4439683126131272
2021-07-23,0.00017374020080661399,0.852152035441813,0.7379042610775925,0.05206627180908384,0.7306275561662539,0.46165253240378124,0.010937467907672043,0.9984750899935879,0.0459967912046528,2.4697735374992697e-06
2021-07-26,0.033156138840039914,0.43016755819949204,0.33232581662878224,0.00829975143666007,0.1507262475102367,0.016434293634828435,0.8522411533166454,0.10896584615699827,0.3698244978200729,7.148320805279117e-05
2021-07-27,0.001523861615951092,0.8590002443308391,0.7850976124236286,0.3612892104280375,0.11104529153581899,0.13553018083728854,0.10212508518586107,0.05098496752260165,0.42733565295794085,0.4584865664608594
2021-07-28,0.7581833180333609,0.03160802926499571,0.05313234219655264,0.7702202529549433,0.11964216279197128,0.5590883618246834,0.13790135608757556,0.49207901367385976,0.35927738200009984,0.8044293704606832
2021-07-29,0.0006415534959808454,0.10230505442781543,0.11796244347256031,0.5405390594910628,0.11379062081384808,0.5846619989261433,0.39318337302760853,0.2701890371504852,0.9699586398132096,0.10561411677660065
2021-07-30,2.0593361887059962e-05,0.00011346479764632403,0.002001081366477482,0.4435351656005313,0.016807942348193553,0.1609325658187601,0.3548516842233739,0.9602116325442359,0.8602538729603733,0.9030359507556499
2021-08-02,0.03162699812814938,0.9330505361117347,0.8002630798955461,0.33435540573702316,0.11933671213721772,0.23020742894205107,0.48953633120004725,0.2734550682251402,0.32977141175716485,0.011414583936834855
2021-08-03,1.613143141259184e-10,0.6873934736313846,0.35239636703974075,0.419507284813858,0.21937752919103448,0.2922411128041255,0.4072146140257512,0.6438016106322116,0.13083287113494674,0.40682424421833163
2021-08-04,0.0480736423302807,0.05798515107067645,0.4719425960027439,0.9034466483628271,0.6932785159243868,0.4292772411269187,0.8152265835948452,0.0460599460299318,0.027427258309216513,0.03973037306498738
2021-08-05,2.390897146477517e-07,0.12072614603952832,0.9754403302372953,0.917810768284109,0.08711664361379105,0.7078115761071064,0.011419494060073535,0.4282514176388118,0.74352751426955,0.6461922103604419
2021-08-06,5.082963307157833e-05,0.9282790352154873,0.02895835004035032,0.6548966190410035,0.16525674482492445,0.23187467535720854,0.4445305076156396,0.22967158458224704,0.98132738687029,0.06467789977262815
2021-08-09,0.1812946555533069,0.06218087958323055,0.002509476173850311,0.034234439752581995,0.07980140502652368,0.03870460114491264,0.08564857786318271,0.36474859007208915,0.6791641660107661,0.09772250347962196
2021-08-10,4.562364264195731e-05,0.951241358427912,0.08279332191245653,0.11489003597371353,0.8818489758596664,0.09062783513934751,0.03659385085449201,0.040694045138938435,0.08587043720391516,0.0013290128272644365
2021-08-11,0.0005218003914583808,0.007203137303408803,0.005901266011810487,0.21541921427211225,0.07754159082721022,0.876753892262299,0.8849874079961351,0.5591016478810509,0.4751617267259368,0.013314061048998597
2021-08-12,0.020776332031192078,0.837794536701475,0.04219648612511812,0.6592942190665383,0.22067206176212245,0.9457554161545652,0.8451443051370255,0.269273595227651,0.9686369474685146,0.03713486198185448
2021-08-13,0.0015590686641249153,0.2880791698009724,0.39240714588859027,0.4497733731893798,0.24670275669040725,0.4768815412162035,0.04101017829087218,0.6267635027170719,0.7508645208497771,0.7456510682722142
2021-08-16,0.08112669071737584,0.8159360060735101,0.014351812441183998,0.001371584359840988,0.28324035358591965,0.332749285341177,0.7623608144282247,0.20076945421508047,0.8335849956842522,0.6366840860499319
2021-08-17,0.24130634600956916,0.029774649670460986,0.5661411730141501,0.8243898629938238,0.5478421803638254,0.9446673329610145,0.5572941071344566,0.07865345786196855,0.5635643980867702,0.31252944054246834
2021-08-18,0.0001615583419638139,0.0023369280799469573,0.31723981734649004,0.6195910548699712,0.44394896942852513,0.61720272132665,0.924892046805698,0.6127088195848711,0.7111960313702711,0.9912742428060639
2021-08-19,0.0003600236277626894,0.38942862821622204,0.06737613728196772,0.648600674951503,0.05325567475642093,0.18047734562050022,0.004205315945958912,0.33833630598624265,0.19408822079596047,0.14250739463424028
2021-08-20,0.07780220507858923,0.9009483179447201,0.641767241350528,0.6489325991056225,0.654715733120157,0.45676190023700247,0.0007121932584871176,0.5539671310785044,0.484167113726062,0.7529834171143618
2021-08-23,0.02151904836660717,0.883186198632596,0.03169602880012781,0.08672228923267576,0.43113379557566844,0.45001790864837965,0.002546540548625345,0.1105668092586466,0.2954577628326362,0.3215317293630561
2021-08-24,1.6293121989044135e-05,0.0019061080463330584,0.8810831969340476,6.412708309010688e-05,0.6573382434634969,0.9416767230185212,0.3490529581786339,0.2513609011173205,0.5664205939190154,0.24336758228655261
2021-08-25,0.05761648808935328,0.05071759769899588,0.22504780128269186,0.8218554083550087,0.5136098382119637,0.6577237127075679,0.8618220821413918,0.24628161545240515,0.026766426109421683,0.06130071273416653
2021-08-26,0.007095900625048549,0.20365512779651096,0.012939536100222434,0.2648986837647633,0.006259993368150669,0.19835513354646458,0.19770298971895386,0.1868279329120219,0.822815879773944,0.617802353141637
2021-08-27,0.06646646510624672,0.30032173334182677,0.2300019595264689,0.732955257995825,0.9842672466183817,0.5895358247783606,0.07230739116983749,0.22601665396401652,0.7470529050605786,0.18219971076271602
2021-08-30,0.8527577914234131,0.8667587553947447,0.03071022561013658,0.046748867733570475,0.0001069144828944255,0.7735727981225573,0.04779813549859228,0.015331157932199897,0.005856398431433055,0.7121312774694943
2021-08-31,7.103017546764973e-06,0.16337527042296318,0.12151944529940584,0.0472812961828319,0.5091250277540773,0.6395300731864271,0.05958550351732141,0.06324592995854603,0.7023513550889338,0.12433076072049812
2021-09-01,0.3391572683016527,0.667386837868071,0.6710402984373629,0.15576591894060202,0.2633612735984698,0.0429837078578661,0.22992259731418205,0.9891895880269703,0.8144619252388328,0.8862161578019029
2021-09-02,3.0438705109703514e-05,0.8352746438692623,0.6761924017056143,0.11133339996063421,0.26162735401239257,0.01774088675762465,0.7206411414881593,0.268418801094012,0.6417165943534038,0.08215419480524665
2021-09-03,0.44772855482741203,0.21778082898419537,0.015019537006998783,0.5138893107063287,0.22651063415061012,0.9663575788465976,0.28408078364300193,0.5287317469522956,0.4131362416192389,0.06774529388170267
2021-09-07,2.497703164068476e-10,0.2746494598233404,0.015498473688553735,0.6898320520132716,0.4744501427660611,0.9688087577104285,0.33035730797792007,0.3022673107941718,0.8003224235386727,0.022877892149330673
2021-09-08,0.0003417396612746559,0.7034901837410255,0.18356470996358704,0.004689919215509222,0.46065836229253265,0.47881555963154854,0.421866906505203,0.3747240428802666,0.208467782010397,0.9432606899759948
2021-09-09,0.003951093924940066,0.7310709217261377,0.4933216593328572,0.0026715542211793158,0.07659482146959237,0.6442362601406059,8.442653964004038e-05,0.12426952940878484,0.4918138466384083,0.30369789201131464
2021-09-10,0.017078054442139914,0.6875970027946929,0.061639066988704444,0.5191375746775705,0.6255993257840113,0.2869756218773264,0.19074750439734856,0.7059812984703503,0.28673812745997307,0.6131685753957504
2021-09-13,0.20535168988057279,0.8038878232295714,0.3408537225476922,0.394197924273346,0.40627635089588554,0.17783750376298257,0.4814346594865009,0.6592299076523207,0.2965286014482955,0.003354837868602422
2021-09-14,0.00012026253589411495,0.7185044398846778,0.05328600852519831,0.2148768412057393,0.035018604645639335,0.07811890406812022,0.0403362067164559,0.36801663788452355,0.3756651369661814,0.5837823410771374
2021-09-15,0.005558648985643044,0.2058019183792696,0.9710495036361488,0.13492285956422048,0.34837800680362785,0.00025608665019435814,0.00020677051077360606,0.6253311096357278,0.13124692317446815,0.14775970224904322
2021-09-16,4.542745691748634e-05,0.7825775049488635,0.028114661017916032,0.009641639710081931,0.016027833719686777,0.21311874866426636,0.045227995824775186,0.06378556237728282,0.504914453120471,0.042246306121863114
2021-09-17,2.0477448849467736e-05,0.8018782168097905,0.8816600956691356,0.26969318940387144,0.008443235953138768,0.6235651357054928,0.000321905287103299,0.5775741556170836,0.51421234859125,0.0017429606928702414
2021-09-20,0.006944519515643564,0.9291486471337658,0.5197357981291149,0.1401352607880733,0.8862552180720488,0.4663110161729298,8.720549330686101e-05,0.8691213456293647,0.956359043342651,0.8082612361086847
2021-09-21,1.9834493689911255e-05,0.6914677268172467,0.05420353334347338,0.4122504945126467,0.09125812879400763,0.712153766370951,0.562531378659625,0.7452762500425105,0.9383079638209164,0.42853406271884853
2021-09-22,0.00030609944674534373,0.4198871568556385,0.2763854350584963,0.030448572256967985,0.34434891539566903,0.4390001320937813,0.3670656514441808,0.7027848007522721,0.04335266735580997,0.2495919237072301
2021-09-23,0.01178177705178892,0.25765577491125996,0.04841325045051528,0.8731110300387454,0.9882410404332148,0.5294637764346848,0.1954225103575463,0.994645974053281,0.6220046796144135,0.7077825339005408
2021-09-24,5.402539709320093e-06,0.698300462947049,0.4036187584588511,0.24648411066343678,0.13857878187438796,0.2746014816869448,0.02695043580276131,0.5299147221490471,0.05614233269802165,0.14273571999745055
2021-09-27,0.0017987752549337528,0.4317996020921593,0.047406586596064275,0.41783090318805904,0.04205367526162091,0.0011874628889014449,0.0038134168129170735,0.4002090307427535,0.6361669968844641,1.4936677277193462e-05
2021-09-28,5.115346932266606e-05,0.5595628460911435,0.8019491016996239,0.19924922915586935,0.18738273437142708,0.8379291860452152,0.012255312116278217,0.8357476432718209,0.7275706335165056,0.004037074341113084
2021-09-29,0.000727979017584356,0.6641003402579648,0.9824483071735257,0.00011229133064629688,0.07637256232160622,0.372190967554502,0.3040766354750989,0.7851535472361488,0.00018331524674581836,0.4686221628623837
2021-09-30,0.32387849437245275,0.1340015130289205,0.2711697960668267,0.3454062702559808,0.1345017785241016,0.030140409199779474,0.16981961804518722,0.0031426858076799174,0.29349763351057595,0.4985475410211111
2021-10-01,3.574769490513529e-05,0.7348443795078012,0.8643125488713341,0.831447396549329,0.9744100500260228,0.351380935559682,0.9160603186222748,0.28475552994579234,0.7875508200386325,0.8954826224551675
2021-10-04,1.3948720324713132e-07,0.9518282087700006,0.4552890117839198,0.38217886571125925,0.041073164792128615,0.06063823741596115,0.12568041675350805,0.32662723528285165,0.2121793827290089,8.131590933234749e-05
2021-10-05,0.558885949008193,0.40169050548879826,0.12025862605351993,0.003601187049955306,0.36797906768125055,0.010007335490890834,0.06861944278511888,0.11745738540589463,0.7325807425386924,0.28895074213085453
2021-10-06,2.3570221907329913e-05,0.8701510617657501,0.5516774275548834,0.5681747048999382,0.44846239186171755,0.5818593807070614,0.6657337405048107,0.9062295364257231,0.8946281776215578,0.035620982599354464
2021-10-07,0.01655472075591204,0.9781548648997572,0.5881070579653933,0.05320611950146196,0.28076144468290437,0.5451007908079133,0.07501288997953953,0.2677876797148082,0.3422060852169265,0.14791928655163905
2021-10-08,6.611381984536422e-08,0.3081776282358532,0.3740784897869055,0.7924748470514702,0.36391338616104274,0.7106453506739151,0.421612832284914,0.0011042493844173138,0.01442844794405112,8.490020521189732e-07
2021-10-11,0.006832433462270642,0.8843212608935207,0.730157687043635,0.7712904999779439,0.5177996366080309,0.23809923053814525,0.5268479775969586,0.7220225478013041,0.5619874914484193,0.41261103971991364
2021-10-12,0.004418807147155046,0.3768930759208352,0.3772467153154613,0.7104260502790616,0.045822621659197094,0.9550663010389158,0.03626574482014387,0.0037574126334742903,0.11007122582261988,0.000822418075767253
2021-10-13,0.014280829285949962,0.7554389239625016,0.539027357035726,0.9473471730301257,0.048297969714246686,0.5960553803997239,0.0017983001658470712,0.7661570038020038,0.6072272030778585,0.044338686179456695
2021-10-14,0.05275578769516162,0.20215293605815915,0.7294576957641352,0.28632530226004516,0.4531989412493217,0.09357106538336953,0.9410776695508103,0.18818110572551228,0.1196417258402678,0.003160350559446573
2021-10-15,2.2308445141499926e-09,0.0296670687629555,0.424300733501088,0.19985493737031645,0.9177900331646127,0.39023120296280056,0.9001223304642482,0.00026683962414585875,0.0006699290213019514,0.6215234235908008
2021-10-18,0.002594878817166543,0.8927523899365843,0.46714416548721394,0.9628008466688924,0.44972744548958676,0.7853743476433441,0.075527154020169,0.0023029423201908423,0.8452085255933601,0.6268498056840544
2021-10-19,0.4581628268390876,0.9178242663260137,0.5783428995053012,0.4989664791784778,0.5138763110263465,0.9020672241132355,0.025382622608766222,0.6965912166149206,0.5301210919419668,0.4310714712191881
2021-10-20,3.5404107677090062e-12,0.3775537836614673,0.00427055846980905,0.577441416618445,0.8029668614391248,0.023794177027267074,0.5325176753632994,0.2222216244886526,0.7079521150730899,0.08045506284251941
2021-10-21,0.2892470635415419,0.227847777800353,0.7178224885725086,0.3417106476684172,0.7068649993728799,0.07192199623058998,0.07994994289394125,0.38496004377878357,0.025632765108175727,0.0003565301863618791
2021-10-22,0.18148744046185664,0.09719263175142709,0.09327120907963052,0.9324342069617358,0.86432822895548,0.345932969088543,0.5859688535089957,0.2611391817356108,0.020613182693552872,0.34235319839498923
2021-10-25,7.193011089081761e-07,0.37855686016110046,0.5601846450012113,0.06352063984064223,0.6567035627400489,0.3722819362905846,0.11311286223540223,0.0036971501837789167,0.7103287609842862,0.8618932492250604
2021-10-26,0.00023604212015111597,0.6540823125095003,0.8316078936250854,0.02834933756620575,0.2898574908035752,0.772991318297242,0.5333846755772467,0.8746504133582664,0.16454514790240507,0.23186150449314363
2021-10-27,0.5936808692664677,0.03219741207964985,0.7106115308225838,0.5993040752999701,0.2357078407495104,0.02727561366253771,0.47172402563758753,0.39624968069415245,0.40086114254294003,0.43822065443923164
2021-10-28,0.0004040850439956827,0.3140511789925319,0.3999398047504723,0.8536262836247492,0.1882905719547338,0.057704565362636025,6.899747714638141e-06,0.8827659446255687,0.7672835141960169,0.1915523009375876
2021-10-29,1.0002412166637329e-07,0.19284117327200848,0.290170707938445,0.02327921755323943,0.20516203929252239,0.6280774416604664,0.8562403306769253,0.4949492240696306,0.7506326717236885,0.018191412512477093
2021-11-01,0.06383133901586603,0.9848430104944907,0.28515959262285945,0.15518646265955702,0.9152733046152546,0.8559594551811424,0.003230000429135255,0.3951899075977715,0.7012597764402805,0.0032497427120228295
2021-11-02,0.00028618462097012854,0.673338295406641,0.8096206062895726,0.4684817770806551,0.16478048140144422,0.42810256336908703,0.4277865881430506,0.8615453434388202,0.033646665542350684,0.8061008993834521
2021-11-03,0.04041024443613712,0.04556509839345319,0.10188701579773418,0.5253318950154138,0.8451179416477698,0.003841442191443521,0.0007661675454462365,0.0486362545991283,0.07580949155337507,0.09718578388931527
2021-11-04,1.366221348615948e-05,0.9260667318414343,0.20820301430605812,0.6539649974382019,0.08269122594976411,0.0032130652055735835,0.9632491319993115,0.7479003850150892,0.17671106929582206,0.7500401697545329
2021-11-05,0.016764024603413807,0.0023559376832597272,0.7874989354879036,0.4286672580551285,0.9465029540382958,0.00012434159128329474,0.014765139976531996,0.22843897249160233,0.8383763909650159,0.20179615327015116
2021-11-08,7.113155302767134e-07,0.8648290359501744,0.06327725952304528,0.2990522231322738,0.003410200726703384,0.7958413537668602,0.0010883177351939588,0.06293971529380128,0.7495529578781599,0.0955636754246738
2021-11-09,1.7762897809156183e-08,0.9273792738444553,0.9036398190638739,0.6888797668605668,0.013846883876959391,0.8981938730687214,0.2287847171046364,0.4749952694949504,0.8078077975631031,0.19621335501848014
2021-11-10,0.7050853395672194,0.4030186075581341,0.8364331281430093,0.022704504699728983,0.5849069233387658,0.2918650030687786,0.08195797633359433,0.9238716365094335,0.4087836771313236,0.10377640586356568
2021-11-11,0.006482460637935442,0.14184364588231613,0.22936347478002286,0.3734568087125679,0.17070217981388433,0.9922929892504915,0.010993452909949936,0.5648873029170185,0.5923633482911271,0.9032311604281569
2021-11-12,6.333509007614839e-05,0.4443874082463761,0.6582109879705531,0.0706823685676933,0.07773589040713634,0.17273183028529496,0.0020597058104985717,0.31342464028291867,0.23634255208470636,0.5321493853219115
2021-11-15,0.0019671138890103674,0.538965207264152,0.2963769448869701,0.8058693668164507,0.019101740185755754,0.6859534400185017,0.4795496354539366,0.2025234574964277,0.8634286922997462,0.3369681224439681
2021-11-16,1.894325551882573e-12,0.07751233671537042,0.6507713129498227,0.9447438186883028,0.0015047800900150842,0.48582222299265987,0.07586464521196452,0.9506976098533626,0.8133670668248594,0.007306804636182357
2021-11-17,0.07884228946883082,0.5997085242640972,0.5526143891405377,0.6001622048324086,0.45688979763008086,0.01897109853081192,0.5837709758710466,0.5028843267084787,0.5999111811801361,0.24246411241532254
2021-11-18,0.0002239681760026665,0.29028029085304424,0.052929924263660215,0.7774169631461227,0.8611767918971911,0.32197039334524685,0.07953839089383903,0.7437267493863361,0.45121516534631323,0.807243960483412
2021-11-19,0.0006193710193435797,0.21175653479022305,0.3692469940607134,0.2659388892210245,0.11927264235440065,0.14831125508134269,0.8457929341106257,0.2154913729677253,0.3582337647722522,0.0371468933721348
2021-11-22,0.7635208215298235,0.0030509215400377648,0.2146304253930669,0.4205264318584866,0.1985081819700658,0.46359698006366945,0.061766382514472085,0.06811749881946713,0.6702378871434016,2.0120957912057724e-05
2021-11-23,0.9063191605921025,0.09538660215650786,0.6649189932459086,0.0237192955687743,0.7784998974490451,0.1710929954932579,0.2162407809217609,0.9611737875537381,0.7576638539037531,0.16325453723313157
2021-11-24,0.4317225237560165,0.3003974691161714,0.0651377315293704,0.7709402656872951,0.563050066641496,0.20335503339323627,0.6483924168029273,0.9253935211656843,0.028191970667803577,0.8313567450789627
2021-11-26,0.15505721700592162,0.33498996135740966,0.9135791789680746,0.03338518029155146,0.7790061569385244,0.944607868171998,0.8681654697372728,0.9302156067108602,0.5852916992872446,0.16906678436676206
2021-11-29,0.0454377471678408,0.12007924556633912,0.7781158184997532,0.0009433592237364331,0.13542618617916355,0.9823325938148033,0.9126557806827255,0.0006369634159257067,0.08172607696577235,0.5233047344985886
2021-11-30,1.1707876894302142e-06,0.25299961939455595,0.5857560575540259,0.048559619454297674,0.06637580413025106,0.07575730591645233,0.16852641561447784,6.474467976204168e-06,0.060002861740586,0.04684786383988599
2021-12-01,0.1476517884518281,0.24140335189871232,0.06724608550045381,0.10410158462471929,0.20803462228772035,0.8677245611482254,0.00012584306623119438,0.35619051367268595,0.6981045204662164,0.007326288049838164
2021-12-02,0.27302483608093103,0.09232397695165492,0.0006561475116574441,0.009157203871631733,0.017443058448793215,0.041380353727151556,0.9509727086674454,0.19436936883883665,0.22314879071535096,0.02695461168810953
2021-12-03,3.634891914119767e-07,0.0010046468051911656,0.1276679917356953,0.4318709079602676,0.8333753087887189,0.887458090145981,0.01212573338693111,0.45786947808831546,0.49438650903663517,0.44733881841130285
2021-12-06,0.03320650360917162,0.020650533930299902,0.024633226402900714,0.7344650233553249,0.41128631717629904,0.4741133112748547,0.7050637334376804,0.43946670483032624,0.004923495746339586,0.0005359607595602573
2021-12-07,0.2611015230850816,0.04473703203064041,0.06527205968570025,0.34392233516302295,0.30990411232653614,0.18812245056416338,0.00017320718311398243,0.23425048775952165,0.9437663140087077,0.0003251808240999106
2021-12-08,0.008671754998079628,0.359571111897917,0.36876464953982035,0.017409928836053128,0.9353121924726273,0.559957767642383,0.07319215891714988,0.17958124798378453,0.07344223873427087,0.19765089507720784
2021-12-09,1.375482033165075e-05,0.13031370509281218,0.28896935120238515,0.6141277657818743,0.13394961096976563,0.1735184918602923,3.4239131132342203e-05,0.7732182165947588,0.897969854672367,0.08281693387814758
2021-12-10,0.00300035789298032,0.9331165431064565,0.16795723606070012,0.0006152708942163686,0.33760452792186335,0.6476006804358347,0.910365763859475,0.11831907851131272,0.043405930070403415,0.017333542843384155
2021-12-13,6.322252231063404e-11,0.06646535380306381,0.9921163857704918,0.875324481981141,0.002898414678606795,0.889748921431623,0.0001618882384223927,0.0010240354811491073,0.07815720621687361,2.2729337679806835e-05
2021-12-14,3.360187545726121e-07,0.04701299327479492,0.18942789612280314,0.03998403286589668,0.03958305605528768,0.3919093084858296,0.12540773432535102,0.30021774275476865,0.07986663886640613,0.13609402876123025
2021-12-15,0.048061828918423026,0.45474291773452913,0.9663255023746935,0.719225839836085,0.8806591537855809,0.15554067463504817,0.002681314053261453,0.06554431601010424,0.6003196642230688,0.00019276100739798138
2021-12-16,2.697148275013005e-12,0.06770155390223886,0.04947803155244107,0.0794766114721091,5.952690218771168e-05,0.2609869326469896,9.440270522025735e-05,0.6989146305435301,0.9018498355591507,3.086704503099958e-06
2021-12-17,3.775580150623549e-09,0.42912847041942115,0.005812097602614814,0.25495513814419746,0.000781595534989583,0.5925368544543654,0.10760041421263014,0.0022787852495744654,0.24945455531731983,0.007216461284475193
2021-12-20,9.995136493291327e-09,0.04675932712730828,0.8356085570788827,0.25712155674680626,0.0006113294379547707,0.7643722200429807,0.004629749739361771,0.015389792568677726,0.5161671165691656,0.05678896051146178
2021-12-21,0.8879960942594689,0.008933295435445524,0.0023213961686785367,0.2852662740316316,0.5350916901303313,0.05064356814072088,0.005541791420139062,0.6799349172630371,0.4784482811670705,0.3817163649583196
2021-12-22,0.028972081119024072,0.7045721364572446,0.044626095141214975,0.5510960433245993,0.9817155473123367,0.993442314729754,0.666945953496161,0.5902476235170493,0.6001429317182001,0.23194839705314674
2021-12-23,0.4354781462059988,0.26851565209454686,0.786361433547359,0.30357722837721934,0.45073986917713904,0.03006973921087841,0.6510047337818543,0.4980280513509332,0.756606419886869,0.40602687671198645
2021-12-27,0.02955542065809153,0.7677343995670343,1.7162056621874926e-05,0.07050602074169539,0.4805625756112005,0.8676042237426904,0.34710418922369524,0.00014852750661713566,0.9494222137641997,0.8119942927950956
2021-12-28,0.0009190127426008202,0.0947126467902141,0.05726382430010992,0.008263846370736617,0.009206395409365232,0.9353375697078435,6.425769482158003e-06,0.614030682473985,0.747796950267476,0.16215069223882725
2021-12-29,3.191861530331372e-05,0.4035418212562405,0.04247846871891539,0.7022771942849115,0.8712106274487169,0.8160974686467782,0.9049028058594645,0.09574516655604397,0.4262105002936716,0.046938035093544446
2021-12-30,0.96437234229078,0.9569526805829943,0.021649300112141,0.1642766509614422,0.13869056344145203,0.717456471529702,0.004192888564545966,0.920021670517428,0.9877780338505193,0.0008581335562198112
2021-12-31,0.0068673187652263335,0.2138853789370233,0.1887005011271511,0.20703897470590354,0.046739777491161545,0.048962068852695405,0.19347304274597626,0.7389238435471441,0.3521710227105008,0.0799110577552985
2022-01-03,4.494923855952728e-05,0.5114030896468384,0.010154899243017483,0.533493874571572,0.3058905845398543,0.4168072516894764,0.3286043246069882,0.8040121455316107,0.013977155458684425,0.00825003130893934
2022-01-04,9.793428930375472e-07,0.1579164247426237,0.8253180783935852,0.12227447509738047,0.37202720189524785,0.07282985903083779,0.0001283580392002151,0.28332501560498685,0.6420835402921169,2.8722583948718066e-06
2022-01-05,0.00010408307012247788,0.1627607556391712,0.12666107300945353,0.010327343970243628,0.25494578988204125,0.058280226316078994,0.002953004360068371,0.6209334292449391,0.3973037364654267,0.0018579447660912766
2022-01-06,0.0007343969886125464,0.10728415842535606,0.06929836665278112,0.7422004530329807,0.5310567344497416,0.7369578126068006,0.5818258027272074,0.8847084262007623,0.374228964873349,0.28023660021810903
2022-01-07,4.9998320631321e-10,0.46536430910293924,0.001823481847267146,0.08827091748115502,0.49976642166699625,0.013429575130202511,0.04698413180154034,0.9744888392501552,0.6160936456253864,2.4164992329616744e-05
2022-01-10,5.3534703065694485e-06,0.21858942264889245,0.7996798583712095,0.7858730722168488,0.732387655283107,0.7310986813165017,0.8217845924978842,0.2973142952827532,0.9108546976251986,0.0033538451275591267
2022-01-11,0.04021030499994824,0.19052997259693102,0.8312715620294671,0.16707486464845434,0.45343935915209166,0.7730775509414806,0.0687451158010032,0.178138493066658,0.04881257624667034,0.5698435383418379
2022-01-12,0.07356151323708339,0.047549430514266564,0.188695087741524,0.2711911190187048,0.09965373942256577,0.09710432716305575,0.5533500481220673,0.0007444014244766212,0.9200030871336548,0.15800480557862281
2022-01-13,1.4959386913821808e-07,0.9490631787689832,0.04299468034576827,0.5471471032047441,0.060021220217725504,0.4023361258444419,0.09607735674574244,0.6796555836209389,0.2779916372882967,0.049504306574466035
2022-01-14,0.015922289256560817,0.6941411993485276,0.03703168075018681,0.7198100932551807,0.39974040865390525,0.7196233925164521,0.048881904852522015,0.18554739528524178,0.32920433612120503,0.6091459355564689
2022-01-18,0.001223496101846556,0.4756521583596932,0.5797256712107131,0.9422871551054968,0.7825962568085347,0.16372880227162082,0.000668657849638103,0.8175345645472325,0.9954677987865928,0.04000735847182616
2022-01-19,0.2456768275144283,0.027245478786728873,0.0002546292818766437,0.5446436424502186,0.09020329934185237,0.21533611077638343,0.04195553163345401,0.3939628889000891,0.31823470135689647,0.24864483461715228
2022-01-20,0.021560512717493933,0.9835588311002798,0.03415756915559152,0.9819628862537173,0.43791449351777667,0.5843751479940362,0.21536413509670627,0.421443264484493,0.09259601263076907,0.4078380846345526
2022-01-21,0.5566373010341533,0.17194543617564154,0.6865166226821799,0.17919131725542042,0.11426912776023422,0.371989373618029,0.06498891875098108,0.15088979113547824,0.8582898730523585,0.07965991014351022
2022-01-24,0.19982518335364227,0.9971305581413805,0.7332728481341209,0.6505930136273955,0.2733458004009573,0.544176748107811,0.3177575182751095,0.0642249906323276,0.0827014377531855,7.718956149766382e-12
2022-01-25,2.116084038023263e-09,0.20927152100481938,0.7189708726267604,0.8708558084082938,0.0010378823480714952,0.04394745630011333,0.021401027422298137,0.42642332378559733,0.5469536993299849,2.267960788468972e-09
2022-01-26,0.0005929666624795364,0.21242984510704427,0.8852358492051202,0.5086040769120639,7.887388565379402e-05,0.024482173113907765,0.6886475728315897,0.004092904507054988,0.04863048432652986,0.7821069194640726
2022-01-27,0.0054196949695174326,0.6205425029453184,0.6990086145739665,0.3162120349526497,0.04998043004071729,0.9516159471707555,6.588348577912894e-08,0.2422679618159094,0.8937370484106695,0.6033377361942063
2022-01-28,0.0018961457280940695,0.06733542491782539,0.3498274425071676,0.035685422853963165,0.06950146688606677,0.3667665368495757,0.09360962823576498,0.7177603840193074,0.9116442249901476,1.512563094361157e-06
2022-01-31,0.0014939008130414484,0.07327599809588925,0.3538305047567303,0.966736847180474,0.0011771442257175711,0.18960116408505615,0.009365492276716585,0.9421508625782515,0.8782088064114135,0.05171752169036359
2022-02-01,4.361155527605087e-07,0.23090569337205125,0.547632752341511,0.13677250532838514,0.002921081481160967,0.055316668352411946,0.13953112316885252,0.35530511772835394,0.2476094142155447,0.7730571465100273
2022-02-02,2.343803697588799e-12,0.0318527923312782,0.04898613202603156,0.585677516084802,1.4732236538954e-08,0.0006526319915883701,0.042423046400202856,0.0007399329140134345,0.13073293750865325,0.5840947158204844
2022-02-03,0.003955701868854841,0.02018200571699228,0.6236509020897366,0.4415404830755377,0.008228271631151288,0.37076126260246045,3.072519060193663e-05,0.07349224901531533,0.17595843614545884,0.36249327433419376
2022-02-04,1.477711228413326e-06,0.523317493799672,0.8835464761698908,0.01450532261456348,0.38199060632471127,0.4705761262169158,0.34164055958974504,0.15735318818594737,0.6424724380826251,0.007887224211072559
2022-02-07,0.009508544419985743,0.7102727614561632,0.1407228894245807,0.18432422551184596,0.050343140932063636,0.41682036276727585,0.4747595420741665,0.011118187689694841,0.6965773308939562,0.9379171084494426
2022-02-08,0.03778830806327041,0.3149253111866646,0.6295264488682271,0.036943269845624474,0.0831800255739238,0.07508876697778427,0.1943245197208107,0.8117530025606995,0.22494527907114514,0.009466639416589241
2022-02-09,0.00015516715990711213,0.25592546636691826,0.06711124126568656,0.012261402663715648,0.02399064374475276,0.44871794822889377,0.9830368127441614,0.42776086688093495,0.10772852218504815,0.02588105094477853
2022-02-10,3.4689076014347967e-06,0.8301766684165924,0.46893662780232837,0.25328909971326186,0.05310867421418995,0.47579586269573726,0.006683337480860485,0.3022579767260711,0.859067284249344,0.20825231626777096
2022-02-11,0.0024467512474431003,0.34763501391239904,0.10313702562411284,0.12574169112508038,0.5443643297929103,0.005023139709734747,0.0001366946019822626,0.6693541638742713,0.7394423326715353,9.638844974466406e-05
2022-02-14,0.018288779526513903,0.4473513054517868,0.490834484906742,0.7876500968085689,0.09073462033101938,0.7328901556505459,0.5708554939775083,0.687689124099605,0.280575681079785,0.007092425513737481
2022-02-15,0.24945117999986396,0.5083606869098466,0.36500500424724835,0.32174087774270954,0.37563760278999847,0.7570083565002995,2.007547009060759e-05,0.8043866730708351,0.6676098682566496,0.28782184397380556
2022-02-16,0.5747752321159798,0.05711073790080472,0.007701290078407355,0.01874635091278846,0.22112494481637765,0.5877289106735122,0.001826025452093581,0.03060078092728863,0.0006982661825743615,0.023115477190243688
2022-02-17,0.26958860096953313,0.18177014486726623,0.7244264523042288,0.03720788116075433,0.836414879412055,0.8211356540413819,0.07493088022348153,0.1371314879804867,0.11533619810222501,0.0009937814444097807
2022-02-18,0.001494934411717519,0.814596132501255,0.2532635625667556,0.03377049925777534,0.033952355120944425,0.01412918343809044,0.05791182746433948,0.378127449591394,0.2433236402765852,0.289666140758082
2022-02-22,0.0075895767476942795,0.931763814827942,0.05933446349847461,0.4130843673106048,6.383297506417148e-06,5.7139856719087934e-05,0.04433110417352912,0.20492620899430739,0.6504315612193943,0.025614545802338327
2022-02-23,0.009944666415440373,0.031126994333751656,0.4119063350433093,0.9728886981370028,0.016653830582706364,0.0056818880767753824,0.04704639187719252,0.4174359413013816,0.8743345913157635,0.4794228091637065
2022-02-24,2.4065840563852467e-05,0.4178576004541834,0.5718934252288583,0.7495700129077301,0.040887937504318836,0.8559498930265572,6.898386231617348e-06,0.8347539682334302,0.8382664989130028,0.0001901454376356803
2022-02-25,0.01033505365170718,0.4512258130246902,0.6198340276205456,0.28467421711432817,0.1845237451377991,0.6935449417026038,0.8794655192729761,0.57985810817011,0.1686257308112568,0.4438147675667067
2022-02-28,5.062629890611505e-12,0.029071954747736,0.017562092538438132,0.7896730273390669,0.46604301084288435,0.1938368700736445,0.13400612522039296,0.23234049717702407,0.4613424219982921,0.21419427456028012
2022-03-01,2.2866899618486622e-11,0.6310964880114052,0.38826030825327673,0.9968149799369362,0.027318990306530087,0.2458784146864102,4.524124646284219e-07,0.9501404612195332,0.33427276553905383,0.7258653648017983
2022-03-02,0.2766124609182809,0.77936593165607,0.20795806870033703,0.054563021810926204,0.11600982174583947,0.09929324747287978,0.04061326674055767,0.2531203403236561,0.2280508215042895,0.04919389906115508
2022-03-03,0.004097526104502854,0.935529767153574,0.12209197945311694,0.04701530707847186,0.22285421435747788,0.001168421011932738,8.440669347895163e-10,0.007089707481983855,0.3122986336332659,0.0006670176283130217
2022-03-04,0.008157384109967513,0.3448741782491782,0.0003863603901440924,0.088249565549993,0.1463294857004285,0.0007136641672648529,1.8157267349442184e-09,0.31808175892906626,0.06966901352604336,0.6780638977579609
2022-03-07,3.407681436484722e-05,0.5400389379457802,0.34862144421321994,0.008792133424440338,0.5245097403388328,0.054102709465933284,0.39366394815129846,0.9913523989422472,0.07937427285643753,0.05068435111946117
2022-03-08,0.7484449052004157,0.9764946558586612,0.7085760959365457,0.27156562789871597,0.3793469020115796,0.157117501839524,4.301345996892321e-06,0.11988539991146374,0.2682867892659663,0.0034186777401326108
2022-03-09,0.7099973977566687,0.45540648004256357,0.037471212280614,0.348809858952301,0.36896127704277104,0.824964970506596,0.00030793539921994406,0.19972014803418298,0.5803712963940177,0.053997933333889164
2022-03-10,0.008110889140736408,0.6212026937867849,0.02338906932471263,0.2154780127075709,0.584361489308025,0.0925118983672086,0.026471372181750427,0.8402920882974633,0.9221226641489029,0.10391421221968469
2022-03-11,0.00019950016670644018,0.5932845912882753,0.552081048457209,0.027176421404922234,0.7554288469205126,0.08653486419736779,0.016524830247755695,0.5951435446380147,0.06510911534646677,0.3872362968510227
2022-03-14,0.009018884229920998,0.20116705370378066,0.25499244253076897,0.16095907185448877,0.5835754173471575,0.7019701769283371,0.00018287666377460982,0.20297297232051043,0.12113900574426846,0.6983460223484425
2022-03-15,0.17930943008819858,0.40365861308086237,0.533801581308551,0.04866667695881439,0.16274991625730378,0.3197519049914531,0.0008251299100796655,0.1531359570115502,0.16901329524424846,0.0002702339539833373
2022-03-16,0.3225187041319024,0.28439941658418,0.42699443282936766,0.26386676206274995,0.8421828961275353,0.4555478902077619,1.1368989736658185e-08,0.6471736787104859,0.36848755417650736,0.3787226277205882
2022-03-17,0.0005667190961953534,0.6497633710430999,0.08505650304596347,0.3400476051910102,0.07982186132844214,0.3976727887058763,0.22755972471611954,0.16872427781092542,0.9344644921880674,0.10405919162396582
2022-03-18,0.32394704805159924,0.12231127688189945,0.23734201963298338,0.22787583454598728,0.6278924252168641,0.753270760141955,0.0034714760180644235,0.18832177559018132,0.16241689402855947,0.044752717727055774
2022-03-21,0.012666691223494314,0.4983998480249935,0.0008589255520176688,0.6473874238968301,0.5499058511960875,0.9028623274023462,0.0771803732141868,0.009249907858639694,0.004975805146647888,0.00037680065283832
2022-03-22,0.021319595027774443,0.8433271777044827,0.5459348461521115,0.023464726836384384,0.3109683669084678,0.7289048030587667,0.0012926986242264224,0.007224936090348104,0.08424282384761515,0.7963145746914114
2022-03-23,0.27452457159965166,0.7242478679546351,0.0001687005904742254,0.9819112088664591,0.37236874845838597,0.05511877997920129,0.0937876716714806,0.516244279419984,0.2520324787145969,0.04735293089819996
2022-03-24,0.03626445337205904,0.3622416100180075,0.9542152151743402,0.1048566595675029,0.06815543131480799,0.5784463513600845,0.07948163264362712,0.926843623633216,0.19700994025303323,0.7808423701359029
2022-03-25,0.008107407823585312,0.35376279524853327,0.002760126810102536,0.05759268662686414,0.35295033452113234,0.8234414264965404,0.00885924334918571,0.6922420811867918,0.9716975673102202,0.8553786915198403
2022-03-28,0.0006307534246988749,0.6003125193183032,0.01399875840972391,0.09244704403578223,0.7085777850838983,0.4015542284741589,0.9662934221379991,0.6098531832272962,0.4218940804100949,0.1215945657127179
2022-03-29,0.40562664536466253,0.9722292582878758,0.00014430621487975865,0.3504656678338717,0.2387509155507088,0.449237444744104,0.015027937167866915,0.003671274902365487,0.008876972600724023,4.629061126907752e-08
2022-03-30,0.0011099953297135329,0.49806652461280954,0.1073225429493471,0.3379381553644589,0.8571837863486366,0.003976573288706148,0.01775285314248294,0.33941241712736103,0.035814022094471085,0.04093457744152709
2022-03-31,0.0005654416738578737,0.6468698084736078,0.5136860504800744,0.012474930539974664,0.5022022800674315,0.0334914010898442,0.0029141313363898525,0.0011108820019452687,0.027545281201810646,0.0004164008591327745
2022-04-01,1.6047849450294217e-06,0.03801986223489655,0.06380815487173083,0.7350833021516467,0.06949306736020813,0.7622846555396035,0.17089779000111832,0.007736696575206503,0.7151397610602246,0.40054876265446326
2022-04-04,1.6254411965634457e-08,0.1290474150840581,0.695940785724384,0.008442163867889582,0.16525415597052123,0.1814691074355927,0.000801427415738052,0.7278415975843732,0.7531139342496218,0.583279044197319
2022-04-05,0.015124497709336946,0.6890703704199057,0.006544974945654422,0.3976884866664452,0.8255637026223294,0.3058219419365842,0.0014362614328530029,0.3751391587897921,0.17640991364010933,0.060104544344180104
2022-04-06,0.002877603291549071,0.04519591807956675,0.8476482190409687,0.753214473234808,0.07068150889783123,0.07006514466586253,0.004560579194959949,0.04639370996437439,0.510198364960305,0.06608937561856582
2022-04-07,0.0003698939783913111,0.22377035474258924,0.5433449132109593,0.07085807536070525,0.02830014214398823,0.8080121235647766,0.7471500069977127,0.189836673199024,0.4514960791683721,0.0004924938500144549
2022-04-08,2.0695454715207586e-05,0.29410108588553574,0.19916814082723183,0.5923928268107447,0.6037378504358711,0.5159461844218786,0.054214751274416016,0.1993793262235755,0.5326654608041256,0.00400690834414126
2022-04-11,6.093791849555949e-05,0.7321848106350413,0.5658893918460931,0.2707998186459937,0.8404225546353851,0.4236974122474353,0.015931519701810226,0.7818699258957862,0.01084046609532754,0.47777580750902815
2022-04-12,0.1409613826381723,0.34461891548266954,0.11382414305746627,0.6424888754788742,0.15022255468058104,0.5767477855019452,0.8464684291196996,0.7393468445773688,0.13676601682987222,0.5166170195228748
2022-04-13,0.0005846349116058625,0.5988538501121026,0.6677756598311859,0.5423556193359356,0.9923681720395159,0.48222409227174046,0.72549955997994,0.28844028788466725,0.18317066340053442,0.010651507853139874
2022-04-14,0.0031520020284298705,0.0038163463866430916,0.20375871070262885,0.08993728709076657,0.6963092296235767,0.20298401214906447,0.05372875431144265,0.9753130613009557,0.45521297894935,0.002973990315986882
2022-04-18,0.011757742241019933,0.31631848414404623,0.20422791617072092,0.7829539150143863,0.05949204611508685,0.8576759511895725,0.0021971822427863615,6.18914422370538e-05,0.9505574862041495,0.07279495315870758
2022-04-19,0.1451522040391622,0.3578406062492627,0.9064185833292653,0.3650931517591923,0.33739347410756226,0.046115081625014494,0.016289733904333636,0.6048552605100976,0.02938553184548728,0.0013370727938033428
2022-04-20,0.0001650120740863114,0.3715625860256633,0.9964561812956046,0.0101220466094619,0.00018311735294700195,0.04075876160680385,0.04980786161045146,0.9928373691715474,0.7844707127218491,0.3264732248546035
2022-04-21,0.002372665659704493,0.6280678036239505,0.19522116549739588,0.10195199887121834,0.901003894240081,0.6199280385805828,6.380162979619497e-05,0.9964976174345073,0.7255244506766682,0.11438535473709201
2022-04-22,0.042025588679563346,0.015608838764210684,0.3971199678987306,0.4489631863890683,0.9181699464601976,0.9623256695298381,0.11475706408517213,0.02638676932297338,0.8435519805466405,0.27467894950656957
2022-04-25,0.00374300003310354,0.24393311621776623,0.00523543443719078,0.3648575063647096,0.24596938868102686,0.006359076938378914,6.223611134578575e-05,0.40219754766001614,0.8534418553137945,0.00011908687727516183
2022-04-26,0.04645505258112404,0.6604890150846655,0.11272817921355327,0.8062859229656603,0.24756150755727066,0.5805224363552577,0.013238017297632014,0.40784592717757395,0.5751160574740527,0.00038875798802381423
2022-04-27,0.24231262211000001,0.22734902645849336,0.26426401785034803,0.8446029467199377,0.24341711215274078,0.16344281823938964,0.016025643458818392,0.662799112452578,0.2109152319957737,0.09098457654803568
2022-04-28,0.47436079190999525,0.3809395174105591,0.39449721940805427,0.363980076541355,0.020606708120932227,0.42389593002166615,1.6596018243314172e-05,0.09132557045823265,0.5417294705667969,0.0066369515297798505
2022-04-29,8.973127816292177e-07,0.07869739120346987,0.24916404139456796,0.30078043711112284,0.11287886152721674,0.21295553124105135,0.1568556178059958,0.3609049141996048,0.45384340490505093,0.008436662281975524
2022-05-02,0.0031866327508459206,0.9668127209324662,0.11752050756183635,0.0026654704351910265,0.21160821672355218,0.5838638738205995,0.029986926017899745,0.07642140138206972,0.07871375434028519,1.8204494729965132e-05
2022-05-03,4.194260135480519e-05,0.7315221747554732,0.07351036287437122,0.43160260740807177,0.014108513616861383,0.7533940881529135,0.9440084972042997,0.6297304250345533,0.24873034505677735,0.011754845183697285
2022-05-04,0.00014885404417961493,0.2933870495297701,0.3764853804948285,0.7907653104417158,0.14592023525026673,0.7197003603131904,0.6741773078124269,0.650653389208274,0.2575382406440262,0.009806856347671911
2022-05-05,3.122710067687213e-09,0.28968502749750746,0.3435510044347554,0.37519947915819596,0.0025803139999837745,0.27175275994609616,6.558203400472756e-05,0.4006695668133501,0.1503814434559451,0.0013743681057286268
2022-05-06,4.570172851910307e-05,0.3795264868116849,0.29299452319651925,0.4097657628804142,0.15020148148217194,0.21300031137127678,0.3245637827986799,0.4283305124432488,0.30408701318145087,0.3945563462173839
2022-05-09,1.1972103847031985e-05,0.6185912948581984,0.02958498224710115,0.3090245994482261,0.4635220278362443,0.9123771930552761,0.007156167003026273,0.22117963291999287,0.5665680545786189,0.4342471066876399
2022-05-10,0.885779173592274,0.11575835640720863,0.9731257415167262,0.18054287384253148,0.16105687303617947,0.10739168096252419,0.002082751236382499,0.5738508020134251,0.3285142143501477,0.05487901328048539
2022-05-11,0.005415750871769875,0.9727661250926762,0.009452396003352573,0.2795127028703299,0.14830703601482553,0.5645713531874104,1.3558449516980882e-05,0.309464776555422,0.3529486731875593,0.32150457043046177
2022-05-12,0.01700915142558095,0.06743895815225265,0.007024714379492197,0.32801100935476224,0.18633245359003278,0.8290207144141504,0.4466442805247931,0.783295933808555,0.19479617652391243,9.432439967544245e-07
2022-05-13,0.1496115501565415,0.11041141852426614,0.5697462389501511,0.42548929038586303,0.10951647510231774,0.9325520316815467,0.001408596657089848,0.6776186347898965,0.570782231158397,0.02712522101312892
2022-05-16,0.0027328673888039594,0.04157756250885283,0.0842153146791463,0.05148557942969117,0.00918694171549482,0.02832754593543739,0.0012057149768599376,0.662687361293532,0.11423878847214006,0.0014741914738389233
2022-05-17,0.00048768086254448304,0.8249308697692244,0.20247587937082667,0.9583824707374738,0.040113201695724035,0.8156083932917166,0.6350107193526231,0.2866065525916459,0.6636423557143787,0.5358541785585517
2022-05-18,1.1384703719730065e-05,0.2931639245709339,0.46503840737389623,0.3760024032660434,0.0019269408336728103,0.48978909126374814,0.006689368630276178,0.6599926307083048,0.9941253112066124,0.0010161761080224652
2022-05-19,1.4573660381511484e-05,0.786388190005833,0.17930772010666038,0.13040145973825323,7.557964008188275e-05,0.6053163940769165,0.9620779277204851,0.8540163903150206,0.5841434794349855,0.08892885434770642
2022-05-20,0.004531912460809972,0.005171409704499161,0.012277408301584764,0.002108348746357346,0.3586026201357644,0.2540969932133654,0.6643454128405283,0.0008050386600088038,0.13343358513895856,3.9213541761133284e-08
2022-05-23,0.7304821685955398,0.001200484665475733,0.31409227495436626,0.8376423479750328,0.637745008335002,9.27714960312562e-05,0.0001262080258880583,0.41256882969806385,0.2304952796032668,0.47893325146746213
2022-05-24,0.013656970358731231,0.05246017124144355,0.9051041383934778,0.09221290310654924,0.09202741937821518,0.3593897848693539,2.3985981912660447e-06,0.39223440191614334,0.3928047487820939,0.4698935122855762
2022-05-25,0.35870171819772556,0.07635999714844592,0.06344774367205623,0.0013593118740475867,0.8575241684361297,0.4029203929383135,0.7982805702743323,0.09782005876012598,0.37152386361610135,0.4306165498659499
2022-05-26,0.0004068987603877035,0.17539937300860825,0.7511561534441918,0.00023055498069555713,0.30012811805199724,0.5419738226213222,0.6052578681922451,0.2478693175524698,0.6023681874149107,0.5891896597795991
2022-05-27,0.0047979013383131295,0.22230903166181212,0.47909830848337587,0.8905951460201229,0.11295487434408258,0.9759699232403833,0.5113396236720096,0.4207403536623787,0.9076509020322618,0.10768662551435622
2022-05-31,0.43458572392238193,0.007929158634272997,0.07534477484167884,0.11160161383428145,0.14609100279502074,0.00036553393972346395,0.16669971138410003,0.02364675778531512,0.8737095385481025,0.0001316038408952743
2022-06-01,0.006415759487005033,0.02944681379978018,0.7478304128426938,0.03441982629698562,0.7559438693340594,0.025499797183837998,0.01649219392810323,0.8030230385054618,0.3080460649228812,0.051638124509089
2022-06-02,0.009412019557192933,0.2824955919699641,0.9816592535392321,0.11204773240834176,0.9507656949556087,0.3326367205181596,0.59085294073646,0.5903314256585158,0.5423563946862326,0.003594369885825095
2022-06-03,0.026309921465775418,0.01000859644553335,0.04116547157828362,0.1760774800328156,0.08119409065413806,0.44054024640147715,0.22110826487112645,0.0026573314468385377,0.3802907316021994,0.8247623512849254
2022-06-06,6.275720006855675e-06,0.0468461295441812,0.4270261449990965,0.11220585326795864,0.08375785790214879,6.154764477830031e-06,0.14651423198203356,0.21775535440749944,0.09099056267457024,0.0344468667902827
2022-06-07,1.3278237600694275e-08,0.4277714701237917,0.25321461180471316,0.21600204591866745,0.00866158305825525,0.06260200787167673,0.00541802976906906,0.01816262450800481,0.9383681893056377,0.776104478593452
2022-06-08,0.002684737116554862,0.19542139952218665,0.22063287483958072,0.6818395372551194,0.7636867902823683,0.2931652403392246,0.09928900093768019,0.32095788959355587,0.2317123447551041,0.006697075825517543
2022-06-09,0.09410869695634601,8.410858876591645e-06,0.0038658184904038894,0.14242933677559638,0.22763320300863402,0.0028425385497824742,0.016942876597989685,0.46593834766559383,0.2546975526728026,0.1355519036057608
2022-06-10,0.36384578966804093,0.15524146995937876,0.06875129238797699,0.24451974312611915,0.165050224221656,0.014024184274583119,0.01978717386534867,0.30357514876514774,0.5353114626165134,0.024612602576617515
2022-06-13,0.7906110304442177,0.054483192237758916,0.8207188175929356,0.5106771420475087,0.13411026681949786,0.07259606248524332,0.0019000570217430918,0.29247967503183925,0.9232250069986003,0.6354730524457299
2022-06-14,0.030969438032979798,0.13177016302075995,0.7908988421209702,0.7644391545940353,0.21063953940920035,0.3890302216009889,0.4665555978674232,0.49858408843689017,0.17113501676757562,0.011496593066806884
2022-06-15,0.0058271131612010856,0.12474215758214034,0.30512523169206845,0.1727192433171703,0.3546273800081111,0.5474918593674116,0.07071111877135,0.05510217384502331,0.5759491882101502,0.00014531637527408282
2022-06-16,0.03981104320355221,0.8065257919016681,0.43719036749452733,0.6118343644727988,0.738103237190689,0.03788248823569158,0.002309605796927737,0.11294871024261349,0.6833798940174763,0.4625550875097275
2022-06-17,4.663657146065184e-05,0.5138418427052869,0.9255572692538254,0.8182116736151334,0.9723203433477976,0.9293316451636611,0.06444578627927863,0.0636010315622256,0.12511210289649355,0.07450240111961888
2022-06-21,0.0002707361962266799,0.5514328406696947,0.845848493225529,0.7760985523036159,0.08538685535991136,0.7785650057324769,0.3363123371292621,0.3330680968292853,0.2533782059419065,0.5090438572465892
2022-06-22,0.00013680058395627726,0.3197223667071671,0.050745247357323435,0.6061303554454849,0.5122522244728636,0.06691372911804948,0.4844110473067905,0.6186923739031056,0.30997094197312064,0.07146179650643884
2022-06-23,0.0004985722960063265,0.07482965054193293,0.15639913824590387,0.8493106344777996,0.05990371161979448,0.006538128642294935,0.08735250632413649,0.30660312195451267,0.5101186662475694,0.0006584021314317667
2022-06-24,0.0003344632531823017,0.5513616284329401,0.007420119847401383,0.8270359655510431,0.031015403747182937,0.17481991513171363,0.32522241206118374,0.07703065254181522,0.8806315985420297,0.0006692497526505093
2022-06-27,0.5821131977412067,0.7571327513846073,0.07217666032881366,0.9036393054566239,0.0012843526544660307,0.8356877817265007,0.13990121988540458,0.7401524126343442,0.409884290835677,0.28575777978066474
2022-06-28,0.05169069022067253,0.5699833696838836,0.8244963629092297,0.21023078286018607,0.284254046927859,0.2672443895557314,0.5736322402492948,0.8301651527137468,0.8468087069006569,7.090708477172783e-06
2022-06-29,5.4143204425040414e-08,0.048319057625543234,0.7909958976191775,0.14731992647821646,0.0627311433446506,0.0001837781756029443,1.368727128940624e-05,0.17092222754216593,0.1862230312458223,0.04841628242092462
2022-06-30,0.0002424176356331681,0.1443785765218996,0.7810741408438171,0.0885433681729015,0.8246284243911775,0.03691402841722159,0.013875076357782389,0.14903174807292854,0.6054285756859704,0.03780969989019152
2022-07-01,9.888281981915229e-11,0.18276985013427374,0.4357532951590115,0.6357424610754903,0.8205697136586672,0.03255983476237322,0.19703582396688077,0.34854029055050084,0.01866454394184862,0.5094670721628676
2022-07-05,7.08252990887132e-08,0.35542543375714275,0.008684220323731959,2.6874288031501408e-05,0.7280612694866351,0.054962702319066796,0.011819613549860164,0.0008278881972868179,0.0007352171199045945,6.018788840714425e-08
2022-07-06,0.0004778480464443261,0.9722751021948393,0.6332626830011185,0.0022250787255946192,0.06562953532758425,0.8922558262237457,0.12984873070576178,0.3350261263703792,0.06432842554918157,0.06896256438080489
2022-07-07,0.5609002111853989,0.6567947779237894,0.9779371098281917,0.18261479379007226,0.1915936224879497,0.712885125223199,0.00581349706736069,0.12894610678960905,0.9207944485821061,0.36982110461965934
2022-07-08,0.0009038595834079143,0.1749766261566242,0.017269410978028737,0.7063389092884094,0.19129568363712712,0.9743242302892466,0.1175793100605557,0.6131715597867518,0.5119388751538783,0.3790846730663262
2022-07-11,0.06086123835614988,0.08678282232048627,0.0007805537037798341,0.00037652705109165026,0.7097832706570716,0.6112635587494537,0.9692217877777948,0.13553652028672208,0.7362575826861546,0.42917549892858486
2022-07-12,3.555002044463963e-05,0.00024403768343621876,0.11607933050566173,0.14046204605713153,0.40204141533684223,0.5305480034037999,0.7454055560264126,0.27831638027227074,0.9130141858445894,0.002417113773730519
2022-07-13,0.00016302519319607095,0.7610665132006422,0.06584574268324109,0.1388808939566605,0.5704057745423312,0.22609561972002207,0.3698425502911391,0.304754470071298,0.9156739314893132,0.4004625844900198
2022-07-14,0.015324098901408937,0.088181991010608,0.0003425774651981744,0.26367835977726134,0.0036726690332830603,0.9887723599403075,0.18669258449688278,0.5535688596642991,0.08983030585491035,0.7938613409065609
2022-07-15,0.002201714151885497,0.02004963744849695,0.08137621678598927,0.5429837089268783,0.32714370827284467,0.7059242389665661,0.5154696139614171,0.12181301505670074,0.8202576399538491,0.9862454373287239
2022-07-18,0.5781262490440923,0.6578144116142342,0.357704937069353,0.9986159002471762,0.028924684214661937,0.42561244177903723,0.19513840804179625,0.0004419499011820191,0.4466968162809879,0.00015622368769913645
2022-07-19,0.004578548988802889,0.0844139250047154,0.7352110094824165,0.44875393200179436,0.980758402849164,0.321383916435666,0.06637835754730871,0.874774031651947,0.8311217608021246,0.15070792044510156
2022-07-20,1.1331264117264315e-05,0.7677623295547524,0.044344770705892794,0.4088399296186974,0.7976804692959922,0.14005549258876443,0.0011492183206107665,0.6825658001855351,0.8251998811105633,0.03925159527995964
2022-07-21,0.37323618521068114,0.006285568149678421,0.3500361254411565,0.16572273448463645,0.15311322836670527,0.8963819806615712,0.1740439195927959,0.4239340006365747,0.7786251315117731,0.0003429814077650974
2022-07-22,0.05747499993809134,0.7135383394185808,0.7572590684334679,0.33117438190472237,0.6797847552061957,0.5063299366915861,0.0006403531708813166,0.07429919669096702,0.3594748144756019,0.0030560214974688963
2022-07-25,0.0011016415663345637,9.172347970532256e-05,7.793984247889216e-06,0.36687656895269405,0.05511429787954507,0.0005920252409653743,0.08908532273839571,0.24516858413429757,0.9240573827616163,0.00015122125210289132
2022-07-26,1.1094018150667452e-13,0.820729792635061,0.8048835391722191,0.01521037186907703,0.7419135634700962,0.3488896876792895,0.2937219801028785,0.03510408410480278,0.6517052133878363,0.326247880731249
2022-07-27,0.0008066488784443829,0.7580211943546594,0.2660064167037454,0.016438314533649002,0.06167875992193274,0.13621097565571147,0.0020351358829003847,0.03829632390230512,0.6019974964052806,0.9162270335522826
2022-07-28,1.723930687402433e-12,0.007583999154480424,0.0005071974877857012,0.11942525892357349,0.054663819959441015,0.48370705467110864,0.09865790225739234,0.059776385905621204,0.26936268679033826,0.7645433761588428
2022-07-29,1.5150008112331029e-09,0.09006511582535416,0.7578229640941885,0.029249123435146407,0.26624844240090784,0.3416867016608921,0.4340894512154808,0.03299004383526113,0.11322512612207038,0.06249870059030116
